{"cameraMode":{"drawMode":0,"name":"Shaded","section":"Shading Mode"},"sceneLighting":true,"audioPlay":false,"sceneViewState":{"showFog":true,"showMaterialUpdate":false,"showSkybox":true,"showFlares":true,"showImageEffects":true,"showParticleSystems":true},"in2DMode":false,"pivot":{"x":-2.619889259338379,"y":0.7792143821716309,"z":-3.386681318283081},"rotation":{"x":0.028082313016057016,"y":0.9624955058097839,"z":-0.10961559414863587,"w":0.24658161401748658},"size":2.29085111618042,"orthographic":true}