{"cameraMode":{"drawMode":0,"name":"Shaded","section":"Shading Mode"},"sceneLighting":true,"audioPlay":false,"sceneViewState":{"showFog":true,"showMaterialUpdate":false,"showSkybox":true,"showFlares":true,"showImageEffects":true,"showParticleSystems":true},"in2DMode":false,"pivot":{"x":6.834651947021484,"y":-14.721799850463868,"z":25.002710342407228},"rotation":{"x":-0.319248229265213,"y":0.12517504394054414,"z":-0.04254180192947388,"w":-0.9384592175483704},"size":20.542709350585939,"orthographic":false}