{"cameraMode":{"drawMode":0,"name":"Shaded","section":"Shading Mode"},"sceneLighting":false,"audioPlay":false,"sceneViewState":{"showFog":true,"showMaterialUpdate":false,"showSkybox":false,"showFlares":true,"showImageEffects":true,"showParticleSystems":true},"in2DMode":false,"pivot":{"x":2.7518811225891115,"y":0.4181275963783264,"z":7.082340240478516},"rotation":{"x":-0.005980763118714094,"y":0.9905206561088562,"z":-0.12939532101154328,"w":-0.045798029750585559},"size":0.6590873003005981,"orthographic":false}