{"cameraMode":{"drawMode":0,"name":"Shaded","section":"Shading Mode"},"sceneLighting":true,"audioPlay":false,"sceneViewState":{"showFog":true,"showMaterialUpdate":false,"showSkybox":true,"showFlares":true,"showImageEffects":true,"showParticleSystems":true},"in2DMode":false,"pivot":{"x":-1.9680103063583375,"y":0.8908365964889526,"z":0.7382043600082398},"rotation":{"x":-0.011520939879119397,"y":0.986184298992157,"z":-0.07797006517648697,"w":-0.14572428166866303},"size":2.2723517417907717,"orthographic":true}