{"cameraMode":{"drawMode":0,"name":"Shaded","section":"Shading Mode"},"sceneLighting":true,"audioPlay":false,"sceneViewState":{"showFog":true,"showMaterialUpdate":false,"showSkybox":true,"showFlares":true,"showImageEffects":true,"showParticleSystems":true},"in2DMode":false,"pivot":{"x":-0.0007121778908185661,"y":0.5360223650932312,"z":0.007110849488526583},"rotation":{"x":0.16895899176597596,"y":0.82428377866745,"z":-0.3196130096912384,"w":0.4357476532459259},"size":4.1360697746276859,"orthographic":false}