{"cameraMode":{"drawMode":0,"name":"Shaded","section":"Shading Mode"},"sceneLighting":false,"audioPlay":false,"sceneViewState":{"showFog":true,"showMaterialUpdate":false,"showSkybox":false,"showFlares":true,"showImageEffects":true,"showParticleSystems":true},"in2DMode":false,"pivot":{"x":88.27446746826172,"y":-12.9800386428833,"z":-43.592376708984378},"rotation":{"x":0.007134511601179838,"y":0.9771056175231934,"z":-0.03313259780406952,"w":0.21009561419487},"size":127.55228424072266,"orthographic":false}